{"cameraMode":{"drawMode":2,"name":"Shaded Wireframe","section":"Shading Mode"},"sceneLighting":true,"audioPlay":false,"sceneViewState":{"m_AlwaysRefresh":false,"showFog":true,"showSkybox":true,"showFlares":true,"showImageEffects":true,"showParticleSystems":true,"showVisualEffectGraphs":true,"m_FxEnabled":true},"in2DMode":false,"pivot":{"x":12.522125244140625,"y":-14.192801475524903,"z":-19.556316375732423},"rotation":{"x":0.012864508666098118,"y":0.9789321422576904,"z":-0.19165284931659699,"w":0.07410421967506409},"size":26.148101806640626,"orthographic":false}