{"cameraMode":{"drawMode":0,"name":"Shaded","section":"Shading Mode"},"sceneLighting":true,"audioPlay":false,"sceneViewState":{"m_AlwaysRefresh":false,"showFog":true,"showSkybox":true,"showFlares":true,"showImageEffects":true,"showParticleSystems":true,"showVisualEffectGraphs":true,"m_FxEnabled":true},"in2DMode":false,"pivot":{"x":-0.41006946563720705,"y":2.3685925006866457,"z":-1.0382161140441895},"rotation":{"x":0.14362545311450959,"y":0.2847854793071747,"z":-0.039864420890808108,"w":0.9473255276679993},"size":2.6857752799987795,"orthographic":true}