{"cameraMode":{"drawMode":1,"name":"Wireframe","section":"Shading Mode"},"sceneLighting":true,"audioPlay":false,"sceneViewState":{"m_AlwaysRefresh":false,"showFog":true,"showSkybox":true,"showFlares":true,"showImageEffects":true,"showParticleSystems":true,"showVisualEffectGraphs":true,"m_FxEnabled":true},"in2DMode":false,"pivot":{"x":0.6078159809112549,"y":1.5847102403640748,"z":0.6987308263778687},"rotation":{"x":0.2831372618675232,"y":0.3144785761833191,"z":-0.09740662574768067,"w":0.9010295271873474},"size":0.8881786465644836,"orthographic":true}