{"cameraMode":{"drawMode":0,"name":"Shaded","section":"Shading Mode"},"sceneLighting":true,"audioPlay":false,"sceneViewState":{"m_AlwaysRefresh":false,"showFog":true,"showSkybox":true,"showFlares":true,"showImageEffects":true,"showParticleSystems":true,"showVisualEffectGraphs":true,"m_FxEnabled":true},"in2DMode":false,"pivot":{"x":1.1742194890975953,"y":1.109161138534546,"z":1.2706027030944825},"rotation":{"x":0.06992588192224503,"y":0.08477633446455002,"z":-0.003643666161224246,"w":0.994184672832489},"size":4.516388416290283,"orthographic":true}