{"cameraMode":{"drawMode":0,"name":"Shaded","section":"Shading Mode"},"sceneLighting":true,"audioPlay":false,"sceneViewState":{"m_AlwaysRefresh":false,"showFog":true,"showSkybox":true,"showFlares":true,"showImageEffects":true,"showParticleSystems":true,"showVisualEffectGraphs":true,"m_FxEnabled":true},"in2DMode":false,"pivot":{"x":0.597983181476593,"y":0.8797212839126587,"z":0.876007080078125},"rotation":{"x":-0.23948898911476136,"y":-0.5964788794517517,"z":0.19133825600147248,"w":-0.7419134974479675},"size":0.42530474066734316,"orthographic":true}