{"cameraMode":{"drawMode":0,"name":"Shaded","section":"Shading Mode"},"sceneLighting":false,"audioPlay":false,"sceneViewState":{"m_AlwaysRefresh":false,"showFog":true,"showSkybox":false,"showFlares":true,"showImageEffects":true,"showParticleSystems":true,"showVisualEffectGraphs":true,"m_FxEnabled":true},"in2DMode":false,"pivot":{"x":-0.04423534870147705,"y":0.26608747243881228,"z":0.11451447010040283},"rotation":{"x":0.09232757985591889,"y":0.8449956774711609,"z":-0.14945772290229798,"w":0.5056872963905335},"size":1.42925226688385,"orthographic":true}