{"cameraMode":{"drawMode":0,"name":"Shaded","section":"Shading Mode"},"sceneLighting":false,"audioPlay":false,"sceneViewState":{"m_AlwaysRefresh":false,"showFog":true,"showSkybox":false,"showFlares":true,"showImageEffects":true,"showParticleSystems":true,"showVisualEffectGraphs":true,"m_FxEnabled":true},"in2DMode":false,"pivot":{"x":0.49692273139953616,"y":0.06971907615661621,"z":0.08327531814575196},"rotation":{"x":0.05852564424276352,"y":-0.8691992163658142,"z":0.11073483526706696,"w":0.47897428274154665},"size":1.6826685667037964,"orthographic":true}